Maintenance_ID,Truck_ID,Maintenance_Date,Maintenance_Type,Cost_USD,Downtime_Days,Parts_Replaced
M0001,T001,2023-06-05,Scheduled,992,3,"Exhaust System, Catalytic Converter"
M0002,T001,2023-04-23,Scheduled,4270,3,"Battery, Alternator"
M0003,T001,2023-01-16,Scheduled,4019,0,"Transmission Fluid, Clutch"
M0004,T001,2023-08-30,Scheduled,3752,1,"Transmission Fluid, Clutch"
M0005,T001,2023-09-27,Scheduled,4391,0,"Battery, Alternator"
M0006,T001,2024-02-29,Scheduled,3946,3,"Battery, Alternator"
M0007,T001,2024-08-14,Scheduled,4540,0,"Oil Filter, Air Filter"
M0008,T001,2023-03-17,Scheduled,1969,0,"Tires, Wheel Bearings"
M0009,T001,2023-11-08,Scheduled,1867,2,"Spark Plugs, Fuel Injectors"
M0010,T001,2024-03-29,Scheduled,1506,0,"Transmission Fluid, Clutch"
M0011,T001,2023-03-24,Scheduled,3532,0,"Transmission Fluid, Clutch"
M0012,T001,2023-11-16,Emergency,12966,5,"Spark Plugs, Fuel Injectors"
M0013,T003,2023-04-08,Scheduled,2576,3,"Radiator, Water Pump"
M0014,T003,2024-03-04,Scheduled,4336,0,"Tires, Wheel Bearings"
M0015,T003,2024-04-12,Scheduled,2700,3,"Oil Filter, Air Filter"
M0016,T003,2024-12-22,Scheduled,3968,2,"Tires, Wheel Bearings"
M0017,T003,2023-10-10,Scheduled,598,0,"Exhaust System, Catalytic Converter"
M0018,T003,2024-10-25,Scheduled,2829,3,"Spark Plugs, Fuel Injectors"
M0019,T004,2023-11-02,Scheduled,2997,3,"Tires, Wheel Bearings"
M0020,T004,2023-04-05,Scheduled,4280,2,"Battery, Alternator"
M0021,T004,2023-09-04,Scheduled,1047,2,"Spark Plugs, Fuel Injectors"
M0022,T004,2024-05-11,Scheduled,2851,3,"Exhaust System, Catalytic Converter"
M0023,T004,2023-09-23,Scheduled,522,1,"Transmission Fluid, Clutch"
M0024,T004,2024-09-13,Scheduled,1192,0,"Transmission Fluid, Clutch"
M0025,T004,2024-05-04,Scheduled,1463,1,"Spark Plugs, Fuel Injectors"
M0026,T004,2023-09-19,Scheduled,1456,2,"Battery, Alternator"
M0027,T004,2024-08-31,Scheduled,2492,3,"Transmission Fluid, Clutch"
M0028,T006,2024-07-22,Scheduled,2198,3,"Transmission Fluid, Clutch"
M0029,T006,2024-05-01,Scheduled,907,0,"Exhaust System, Catalytic Converter"
M0030,T006,2024-08-04,Scheduled,3731,2,"Exhaust System, Catalytic Converter"
M0031,T006,2024-06-16,Scheduled,3760,3,"Transmission Fluid, Clutch"
M0032,T006,2024-12-24,Scheduled,3633,2,"Battery, Alternator"
M0033,T006,2024-12-24,Scheduled,2011,3,"Battery, Alternator"
M0034,T006,2023-03-10,Scheduled,1797,2,"Radiator, Water Pump"
M0035,T006,2024-02-10,Scheduled,2957,2,"Transmission Fluid, Clutch"
M0036,T006,2023-03-06,Scheduled,4370,1,"Brake Pads, Brake Discs"
M0037,T006,2024-10-26,Emergency,3554,10,"Oil Filter, Air Filter"
M0038,T008,2023-10-14,Scheduled,6146,1,"Exhaust System, Catalytic Converter"
M0039,T008,2023-09-13,Scheduled,6200,0,"Battery, Alternator"
M0040,T008,2024-11-17,Scheduled,7570,0,"Brake Pads, Brake Discs"
M0041,T008,2023-04-16,Emergency,9323,2,"Exhaust System, Catalytic Converter"
M0042,T008,2023-08-30,Emergency,3658,1,"Radiator, Water Pump"
M0043,T008,2024-02-03,Scheduled,4761,2,"Spark Plugs, Fuel Injectors"
M0044,T008,2023-07-05,Scheduled,7815,3,"Spark Plugs, Fuel Injectors"
M0045,T008,2023-12-03,Scheduled,4874,0,"Transmission Fluid, Clutch"
M0046,T008,2024-01-15,Scheduled,4401,2,"Radiator, Water Pump"
M0047,T008,2023-10-13,Emergency,15813,4,"Brake Pads, Brake Discs"
M0048,T008,2024-09-09,Scheduled,1305,3,"Battery, Alternator"
M0049,T008,2023-10-29,Scheduled,1953,3,"Oil Filter, Air Filter"
M0050,T008,2023-10-06,Scheduled,5725,3,"Tires, Wheel Bearings"
M0051,T008,2024-06-12,Scheduled,4244,3,"Radiator, Water Pump"
M0052,T008,2023-03-31,Scheduled,3994,0,"Transmission Fluid, Clutch"
M0053,T008,2023-12-26,Scheduled,6988,3,"Brake Pads, Brake Discs"
M0054,T008,2023-04-19,Scheduled,837,1,"Battery, Alternator"
M0055,T008,2024-03-08,Scheduled,6932,3,"Transmission Fluid, Clutch"
M0056,T008,2023-04-13,Emergency,24291,5,"Brake Pads, Brake Discs"
M0057,T008,2024-02-20,Scheduled,4306,0,"Exhaust System, Catalytic Converter"
M0058,T008,2024-10-25,Scheduled,3985,1,"Radiator, Water Pump"
M0059,T008,2023-05-24,Emergency,11777,2,"Spark Plugs, Fuel Injectors"
M0060,T008,2024-02-11,Emergency,19500,7,"Transmission Fluid, Clutch"
M0061,T008,2023-12-31,Emergency,11229,1,"Battery, Alternator"
M0062,T008,2023-11-26,Scheduled,738,0,"Transmission Fluid, Clutch"
M0063,T008,2023-10-11,Scheduled,873,0,"Transmission Fluid, Clutch"
M0064,T008,2023-06-15,Scheduled,959,0,"Exhaust System, Catalytic Converter"
M0065,T010,2023-05-04,Scheduled,2817,1,"Radiator, Water Pump"
M0066,T010,2023-09-07,Scheduled,1073,0,"Exhaust System, Catalytic Converter"
M0067,T010,2024-10-11,Scheduled,3270,3,"Radiator, Water Pump"
M0068,T010,2024-11-02,Scheduled,1914,1,"Battery, Alternator"
M0069,T010,2023-05-04,Scheduled,4358,2,"Tires, Wheel Bearings"
M0070,T010,2023-11-23,Scheduled,2478,2,"Brake Pads, Brake Discs"
M0071,T010,2024-05-30,Scheduled,3813,2,"Oil Filter, Air Filter"
M0072,T010,2024-01-14,Scheduled,1981,0,"Oil Filter, Air Filter"
M0073,T010,2023-07-28,Scheduled,2906,1,"Spark Plugs, Fuel Injectors"
M0074,T011,2024-10-14,Scheduled,6257,2,"Radiator, Water Pump"
M0075,T011,2024-01-07,Emergency,8614,2,"Transmission Fluid, Clutch"
M0076,T011,2023-07-20,Emergency,4647,5,"Tires, Wheel Bearings"
M0077,T011,2023-05-03,Emergency,6758,5,"Exhaust System, Catalytic Converter"
M0078,T011,2023-12-08,Scheduled,6196,3,"Brake Pads, Brake Discs"
M0079,T011,2024-02-01,Emergency,15713,4,"Spark Plugs, Fuel Injectors"
M0080,T011,2023-11-10,Scheduled,6977,2,"Radiator, Water Pump"
M0081,T011,2024-11-07,Scheduled,3427,3,"Radiator, Water Pump"
M0082,T011,2024-06-10,Scheduled,1892,3,"Battery, Alternator"
M0083,T011,2024-12-18,Scheduled,5516,1,"Exhaust System, Catalytic Converter"
M0084,T011,2024-05-16,Emergency,13675,7,"Battery, Alternator"
M0085,T011,2023-05-01,Scheduled,1776,2,"Brake Pads, Brake Discs"
M0086,T011,2023-10-09,Emergency,6790,3,"Radiator, Water Pump"
M0087,T011,2023-07-29,Scheduled,3508,2,"Exhaust System, Catalytic Converter"
M0088,T012,2023-08-01,Scheduled,5956,0,"Battery, Alternator"
M0089,T012,2024-12-05,Scheduled,5734,3,"Battery, Alternator"
M0090,T012,2024-01-27,Emergency,14959,3,"Radiator, Water Pump"
M0091,T012,2024-12-15,Emergency,15240,5,"Battery, Alternator"
M0092,T012,2024-04-24,Scheduled,4128,0,"Battery, Alternator"
M0093,T012,2023-10-27,Scheduled,876,0,"Battery, Alternator"
M0094,T012,2023-11-02,Scheduled,5120,0,"Oil Filter, Air Filter"
M0095,T012,2024-09-01,Scheduled,2570,3,"Transmission Fluid, Clutch"
M0096,T012,2024-03-02,Scheduled,3695,3,"Brake Pads, Brake Discs"
M0097,T012,2024-09-30,Scheduled,5087,0,"Exhaust System, Catalytic Converter"
M0098,T013,2024-01-25,Scheduled,4041,1,"Tires, Wheel Bearings"
M0099,T013,2024-04-03,Scheduled,2047,0,"Oil Filter, Air Filter"
M0100,T013,2023-10-26,Scheduled,4031,1,"Exhaust System, Catalytic Converter"
M0101,T013,2024-10-26,Scheduled,1524,0,"Oil Filter, Air Filter"
M0102,T013,2024-11-14,Scheduled,4988,3,"Transmission Fluid, Clutch"
M0103,T013,2023-06-26,Scheduled,4262,1,"Exhaust System, Catalytic Converter"
M0104,T013,2023-03-04,Scheduled,889,0,"Oil Filter, Air Filter"
M0105,T013,2024-05-29,Scheduled,1499,0,"Brake Pads, Brake Discs"
M0106,T014,2023-07-25,Emergency,12902,7,"Spark Plugs, Fuel Injectors"
M0107,T014,2024-12-26,Scheduled,2090,2,"Battery, Alternator"
M0108,T014,2024-12-20,Emergency,9740,10,"Battery, Alternator"
M0109,T014,2024-05-26,Scheduled,2653,1,"Battery, Alternator"
M0110,T014,2024-04-04,Scheduled,4999,2,"Spark Plugs, Fuel Injectors"
M0111,T014,2024-09-26,Scheduled,2468,1,"Transmission Fluid, Clutch"
M0112,T014,2024-08-04,Scheduled,552,2,"Oil Filter, Air Filter"
M0113,T014,2023-06-03,Emergency,4073,6,"Exhaust System, Catalytic Converter"
M0114,T016,2023-10-14,Scheduled,2833,3,"Transmission Fluid, Clutch"
M0115,T016,2023-02-16,Scheduled,4136,0,"Transmission Fluid, Clutch"
M0116,T016,2023-11-06,Scheduled,1831,3,"Spark Plugs, Fuel Injectors"
M0117,T016,2023-11-16,Emergency,3027,2,"Transmission Fluid, Clutch"
M0118,T016,2024-02-28,Scheduled,989,2,"Oil Filter, Air Filter"
M0119,T016,2023-01-11,Scheduled,3721,0,"Battery, Alternator"
M0120,T016,2023-04-26,Scheduled,2649,2,"Tires, Wheel Bearings"
M0121,T016,2023-10-13,Scheduled,2811,3,"Brake Pads, Brake Discs"
M0122,T016,2024-09-29,Scheduled,4227,2,"Transmission Fluid, Clutch"
M0123,T016,2024-04-29,Emergency,6691,1,"Battery, Alternator"
M0124,T016,2024-02-03,Emergency,3833,10,"Tires, Wheel Bearings"
M0125,T016,2023-01-16,Scheduled,6668,2,"Spark Plugs, Fuel Injectors"
M0126,T016,2024-04-12,Emergency,3450,4,"Spark Plugs, Fuel Injectors"
M0127,T016,2024-08-25,Scheduled,1502,1,"Battery, Alternator"
M0128,T016,2023-03-29,Emergency,6755,6,"Spark Plugs, Fuel Injectors"
M0129,T016,2024-04-24,Scheduled,6099,1,"Radiator, Water Pump"
M0130,T017,2024-08-14,Scheduled,4227,0,"Tires, Wheel Bearings"
M0131,T017,2024-04-21,Emergency,14784,4,"Transmission Fluid, Clutch"
M0132,T017,2023-03-07,Emergency,7916,2,"Tires, Wheel Bearings"
M0133,T017,2023-09-14,Emergency,9813,10,"Oil Filter, Air Filter"
M0134,T017,2023-12-08,Scheduled,5915,3,"Exhaust System, Catalytic Converter"
M0135,T017,2024-01-01,Scheduled,6383,2,"Transmission Fluid, Clutch"
M0136,T017,2024-09-11,Scheduled,5099,3,"Transmission Fluid, Clutch"
M0137,T017,2023-06-24,Emergency,9651,9,"Tires, Wheel Bearings"
M0138,T017,2024-01-27,Scheduled,2928,3,"Oil Filter, Air Filter"
M0139,T017,2024-12-09,Emergency,11958,7,"Exhaust System, Catalytic Converter"
M0140,T017,2024-10-18,Scheduled,2329,0,"Tires, Wheel Bearings"
M0141,T017,2023-07-26,Scheduled,5238,1,"Transmission Fluid, Clutch"
M0142,T017,2023-08-12,Scheduled,7179,2,"Tires, Wheel Bearings"
M0143,T017,2023-10-16,Emergency,5138,5,"Exhaust System, Catalytic Converter"
M0144,T017,2024-08-17,Scheduled,4540,0,"Brake Pads, Brake Discs"
M0145,T017,2023-04-11,Scheduled,1994,0,"Transmission Fluid, Clutch"
M0146,T018,2023-12-20,Scheduled,1749,2,"Oil Filter, Air Filter"
M0147,T018,2024-02-11,Scheduled,4082,0,"Exhaust System, Catalytic Converter"
M0148,T018,2023-06-25,Scheduled,3129,2,"Transmission Fluid, Clutch"
M0149,T018,2023-09-01,Scheduled,1983,0,"Tires, Wheel Bearings"
M0150,T018,2023-05-11,Scheduled,4508,3,"Brake Pads, Brake Discs"
M0151,T018,2023-07-27,Emergency,10193,10,"Oil Filter, Air Filter"
M0152,T024,2023-05-04,Scheduled,4209,1,"Exhaust System, Catalytic Converter"
M0153,T024,2023-02-06,Scheduled,3748,2,"Brake Pads, Brake Discs"
M0154,T024,2024-11-02,Scheduled,5257,2,"Radiator, Water Pump"
M0155,T024,2024-12-09,Emergency,9020,6,"Radiator, Water Pump"
M0156,T024,2023-07-22,Scheduled,5665,1,"Battery, Alternator"
M0157,T024,2024-10-18,Scheduled,836,0,"Battery, Alternator"
M0158,T024,2023-02-03,Scheduled,4822,3,"Exhaust System, Catalytic Converter"
M0159,T024,2023-09-17,Scheduled,2155,0,"Brake Pads, Brake Discs"
M0160,T024,2023-06-17,Scheduled,2989,1,"Exhaust System, Catalytic Converter"
M0161,T024,2023-12-28,Scheduled,2920,2,"Battery, Alternator"
M0162,T024,2023-11-14,Scheduled,2621,1,"Oil Filter, Air Filter"
M0163,T024,2023-12-01,Scheduled,1523,2,"Tires, Wheel Bearings"
M0164,T024,2023-04-21,Emergency,18967,4,"Tires, Wheel Bearings"
M0165,T024,2024-10-09,Scheduled,3604,0,"Oil Filter, Air Filter"
M0166,T024,2023-09-06,Scheduled,5828,3,"Battery, Alternator"
M0167,T027,2024-08-29,Scheduled,1402,0,"Exhaust System, Catalytic Converter"
M0168,T027,2023-09-10,Emergency,11591,4,"Spark Plugs, Fuel Injectors"
M0169,T027,2024-04-14,Scheduled,1971,3,"Radiator, Water Pump"
M0170,T027,2023-12-07,Scheduled,3379,0,"Oil Filter, Air Filter"
M0171,T027,2023-04-06,Scheduled,922,2,"Oil Filter, Air Filter"
M0172,T027,2023-01-17,Emergency,6292,7,"Transmission Fluid, Clutch"
M0173,T027,2024-05-02,Scheduled,4069,2,"Oil Filter, Air Filter"
M0174,T027,2023-09-30,Scheduled,4585,1,"Exhaust System, Catalytic Converter"
M0175,T028,2023-10-31,Scheduled,650,1,"Oil Filter, Air Filter"
M0176,T028,2024-08-01,Emergency,9617,7,"Radiator, Water Pump"
M0177,T028,2024-12-17,Scheduled,3583,2,"Transmission Fluid, Clutch"
M0178,T028,2023-08-08,Scheduled,3742,3,"Transmission Fluid, Clutch"
M0179,T028,2024-07-12,Scheduled,2339,1,"Brake Pads, Brake Discs"
M0180,T028,2024-08-22,Scheduled,4797,2,"Transmission Fluid, Clutch"
M0181,T028,2023-04-01,Scheduled,1356,2,"Exhaust System, Catalytic Converter"
M0182,T029,2023-04-21,Scheduled,1131,3,"Brake Pads, Brake Discs"
M0183,T029,2023-11-19,Scheduled,4030,2,"Exhaust System, Catalytic Converter"
M0184,T029,2023-05-20,Scheduled,6301,3,"Battery, Alternator"
M0185,T029,2023-11-09,Scheduled,2106,0,"Transmission Fluid, Clutch"
M0186,T029,2023-12-22,Scheduled,6615,3,"Exhaust System, Catalytic Converter"
M0187,T029,2023-12-05,Scheduled,2857,2,"Brake Pads, Brake Discs"
M0188,T029,2023-01-23,Emergency,10749,9,"Battery, Alternator"
M0189,T029,2024-03-23,Scheduled,4521,0,"Transmission Fluid, Clutch"
M0190,T029,2023-09-21,Scheduled,5790,1,"Tires, Wheel Bearings"
M0191,T029,2024-11-08,Scheduled,1644,3,"Oil Filter, Air Filter"
M0192,T029,2023-12-11,Scheduled,2400,0,"Exhaust System, Catalytic Converter"
M0193,T029,2023-05-11,Emergency,16180,3,"Exhaust System, Catalytic Converter"
M0194,T029,2024-11-09,Scheduled,3297,1,"Radiator, Water Pump"
M0195,T029,2023-12-22,Scheduled,2424,1,"Oil Filter, Air Filter"
M0196,T029,2023-11-03,Scheduled,1653,1,"Spark Plugs, Fuel Injectors"
M0197,T029,2024-09-06,Emergency,4670,5,"Tires, Wheel Bearings"
M0198,T031,2023-04-21,Scheduled,4206,3,"Tires, Wheel Bearings"
M0199,T031,2024-05-16,Scheduled,1077,1,"Oil Filter, Air Filter"
M0200,T031,2024-07-21,Scheduled,3193,3,"Tires, Wheel Bearings"
M0201,T031,2024-11-19,Scheduled,3086,1,"Tires, Wheel Bearings"
M0202,T031,2023-01-30,Emergency,6894,7,"Tires, Wheel Bearings"
M0203,T031,2024-06-13,Scheduled,2999,3,"Tires, Wheel Bearings"
M0204,T031,2023-05-31,Emergency,7483,6,"Tires, Wheel Bearings"
M0205,T031,2024-02-15,Scheduled,4918,2,"Oil Filter, Air Filter"
M0206,T031,2023-11-20,Emergency,7708,5,"Spark Plugs, Fuel Injectors"
M0207,T031,2024-05-04,Scheduled,3451,3,"Radiator, Water Pump"
M0208,T036,2023-11-23,Scheduled,2102,1,"Oil Filter, Air Filter"
M0209,T036,2023-06-29,Scheduled,1405,2,"Radiator, Water Pump"
M0210,T036,2024-09-05,Emergency,3475,3,"Oil Filter, Air Filter"
M0211,T036,2023-01-22,Emergency,6487,1,"Radiator, Water Pump"
M0212,T036,2024-07-04,Emergency,9449,10,"Brake Pads, Brake Discs"
M0213,T036,2023-09-26,Scheduled,4857,2,"Exhaust System, Catalytic Converter"
M0214,T036,2024-01-03,Scheduled,3315,2,"Battery, Alternator"
M0215,T036,2024-10-05,Scheduled,2964,2,"Battery, Alternator"
M0216,T037,2024-02-03,Emergency,14247,8,"Brake Pads, Brake Discs"
M0217,T037,2023-02-19,Scheduled,4869,2,"Oil Filter, Air Filter"
M0218,T037,2024-05-05,Scheduled,4249,2,"Spark Plugs, Fuel Injectors"
M0219,T037,2023-05-22,Scheduled,2105,0,"Battery, Alternator"
M0220,T037,2024-06-14,Scheduled,1599,0,"Radiator, Water Pump"
M0221,T037,2024-11-29,Scheduled,4140,2,"Tires, Wheel Bearings"
M0222,T037,2023-08-06,Scheduled,1439,3,"Radiator, Water Pump"
M0223,T037,2023-07-29,Emergency,11975,8,"Exhaust System, Catalytic Converter"
M0224,T037,2023-10-08,Scheduled,2823,3,"Spark Plugs, Fuel Injectors"
M0225,T037,2023-09-05,Emergency,3947,3,"Transmission Fluid, Clutch"
M0226,T037,2024-01-23,Scheduled,2295,1,"Battery, Alternator"
M0227,T037,2024-05-27,Scheduled,4795,0,"Battery, Alternator"
M0228,T040,2024-05-29,Emergency,7771,7,"Spark Plugs, Fuel Injectors"
M0229,T040,2023-01-23,Scheduled,6687,2,"Tires, Wheel Bearings"
M0230,T040,2023-04-01,Scheduled,5586,2,"Exhaust System, Catalytic Converter"
M0231,T040,2024-06-24,Scheduled,4949,0,"Spark Plugs, Fuel Injectors"
M0232,T040,2023-11-09,Scheduled,5284,2,"Battery, Alternator"
M0233,T040,2023-08-08,Emergency,9649,10,"Spark Plugs, Fuel Injectors"
M0234,T040,2023-03-24,Scheduled,6328,0,"Battery, Alternator"
M0235,T040,2024-07-30,Emergency,17533,9,"Battery, Alternator"
M0236,T040,2023-05-14,Scheduled,6228,2,"Transmission Fluid, Clutch"
M0237,T040,2024-02-16,Emergency,8812,10,"Battery, Alternator"
M0238,T040,2024-01-31,Emergency,4144,9,"Brake Pads, Brake Discs"
M0239,T040,2023-06-01,Scheduled,6485,1,"Brake Pads, Brake Discs"
M0240,T040,2024-10-21,Emergency,7847,7,"Transmission Fluid, Clutch"
M0241,T040,2023-07-19,Emergency,15161,3,"Brake Pads, Brake Discs"
M0242,T040,2024-07-13,Scheduled,4624,2,"Spark Plugs, Fuel Injectors"
M0243,T041,2024-05-18,Scheduled,4568,3,"Brake Pads, Brake Discs"
M0244,T041,2023-04-01,Scheduled,7780,2,"Oil Filter, Air Filter"
M0245,T041,2024-10-11,Scheduled,6783,0,"Battery, Alternator"
M0246,T041,2024-04-12,Emergency,18530,6,"Oil Filter, Air Filter"
M0247,T041,2023-08-20,Emergency,20934,2,"Radiator, Water Pump"
M0248,T041,2024-05-11,Scheduled,2759,0,"Battery, Alternator"
M0249,T041,2024-05-24,Scheduled,5227,0,"Tires, Wheel Bearings"
M0250,T041,2024-11-19,Emergency,18520,3,"Tires, Wheel Bearings"
M0251,T041,2024-12-12,Emergency,12919,9,"Tires, Wheel Bearings"
M0252,T041,2024-05-26,Emergency,11837,8,"Brake Pads, Brake Discs"
M0253,T041,2023-06-16,Scheduled,4932,3,"Brake Pads, Brake Discs"
M0254,T041,2024-03-14,Scheduled,6916,0,"Radiator, Water Pump"
M0255,T041,2023-08-24,Scheduled,4219,3,"Spark Plugs, Fuel Injectors"
M0256,T041,2023-12-31,Scheduled,7871,3,"Exhaust System, Catalytic Converter"
M0257,T041,2024-01-23,Scheduled,5140,2,"Battery, Alternator"
M0258,T041,2023-01-17,Scheduled,4865,1,"Oil Filter, Air Filter"
M0259,T041,2023-04-30,Emergency,15376,3,"Radiator, Water Pump"
M0260,T041,2023-03-24,Scheduled,4909,2,"Battery, Alternator"
M0261,T041,2024-10-22,Emergency,5234,3,"Radiator, Water Pump"
M0262,T041,2023-01-11,Scheduled,2731,3,"Battery, Alternator"
M0263,T041,2023-06-30,Emergency,3591,2,"Exhaust System, Catalytic Converter"
M0264,T041,2023-05-08,Emergency,19643,6,"Exhaust System, Catalytic Converter"
M0265,T041,2023-07-23,Scheduled,6565,3,"Oil Filter, Air Filter"
M0266,T043,2023-10-09,Scheduled,5290,1,"Spark Plugs, Fuel Injectors"
M0267,T043,2023-08-13,Scheduled,7552,2,"Transmission Fluid, Clutch"
M0268,T043,2023-04-11,Emergency,10864,1,"Oil Filter, Air Filter"
M0269,T043,2023-01-17,Emergency,14630,1,"Brake Pads, Brake Discs"
M0270,T043,2024-11-09,Scheduled,3576,1,"Battery, Alternator"
M0271,T043,2023-10-12,Scheduled,6692,3,"Tires, Wheel Bearings"
M0272,T043,2024-10-21,Scheduled,3860,0,"Spark Plugs, Fuel Injectors"
M0273,T043,2024-06-19,Scheduled,6935,1,"Radiator, Water Pump"
M0274,T043,2023-12-10,Scheduled,2453,3,"Battery, Alternator"
M0275,T043,2024-10-21,Emergency,12850,9,"Battery, Alternator"
M0276,T043,2024-05-14,Scheduled,7847,3,"Spark Plugs, Fuel Injectors"
M0277,T043,2023-05-05,Emergency,5286,7,"Spark Plugs, Fuel Injectors"
M0278,T043,2023-01-12,Emergency,7034,7,"Oil Filter, Air Filter"
M0279,T043,2024-02-15,Scheduled,7698,3,"Spark Plugs, Fuel Injectors"
M0280,T043,2024-07-18,Emergency,19333,1,"Brake Pads, Brake Discs"
M0281,T043,2024-12-13,Scheduled,3222,1,"Battery, Alternator"
M0282,T043,2024-03-08,Scheduled,7532,0,"Oil Filter, Air Filter"
M0283,T043,2024-06-23,Scheduled,7061,3,"Spark Plugs, Fuel Injectors"
M0284,T043,2024-03-10,Scheduled,8577,2,"Battery, Alternator"
M0285,T043,2024-02-08,Scheduled,3785,2,"Radiator, Water Pump"
M0286,T043,2023-07-22,Scheduled,5542,2,"Radiator, Water Pump"
M0287,T043,2023-04-29,Emergency,16088,6,"Battery, Alternator"
M0288,T043,2024-11-28,Emergency,20442,8,"Battery, Alternator"
M0289,T043,2024-12-21,Emergency,4783,8,"Tires, Wheel Bearings"
M0290,T043,2024-05-14,Emergency,23665,1,"Oil Filter, Air Filter"
M0291,T043,2024-11-09,Scheduled,6838,1,"Oil Filter, Air Filter"
M0292,T043,2024-05-30,Emergency,6115,7,"Exhaust System, Catalytic Converter"
M0293,T043,2023-06-17,Emergency,9064,6,"Brake Pads, Brake Discs"
M0294,T044,2023-05-26,Scheduled,2689,1,"Exhaust System, Catalytic Converter"
M0295,T044,2024-11-28,Scheduled,1160,3,"Battery, Alternator"
M0296,T044,2023-11-13,Scheduled,1458,3,"Tires, Wheel Bearings"
M0297,T044,2024-04-11,Emergency,12730,4,"Radiator, Water Pump"
M0298,T044,2023-06-11,Emergency,13915,5,"Battery, Alternator"
M0299,T044,2024-10-04,Emergency,18020,5,"Exhaust System, Catalytic Converter"
M0300,T044,2024-09-09,Scheduled,3800,1,"Spark Plugs, Fuel Injectors"
M0301,T044,2023-03-01,Emergency,4287,9,"Transmission Fluid, Clutch"
M0302,T044,2023-04-14,Scheduled,1112,0,"Tires, Wheel Bearings"
M0303,T044,2024-08-08,Scheduled,5670,0,"Radiator, Water Pump"
M0304,T044,2024-11-18,Scheduled,2212,1,"Oil Filter, Air Filter"
M0305,T044,2024-06-13,Emergency,17655,2,"Brake Pads, Brake Discs"
M0306,T044,2023-04-30,Scheduled,4062,3,"Spark Plugs, Fuel Injectors"
M0307,T044,2024-08-26,Scheduled,1930,1,"Exhaust System, Catalytic Converter"
M0308,T044,2023-10-02,Scheduled,1806,3,"Battery, Alternator"
M0309,T044,2024-02-13,Scheduled,4684,0,"Oil Filter, Air Filter"
M0310,T044,2024-11-02,Scheduled,4287,2,"Oil Filter, Air Filter"
M0311,T044,2024-05-03,Emergency,3512,2,"Radiator, Water Pump"
M0312,T044,2024-10-17,Emergency,14798,10,"Brake Pads, Brake Discs"
M0313,T045,2023-05-12,Scheduled,763,2,"Tires, Wheel Bearings"
M0314,T045,2024-12-08,Emergency,18279,1,"Radiator, Water Pump"
M0315,T045,2024-04-09,Emergency,3737,2,"Radiator, Water Pump"
M0316,T045,2024-12-11,Emergency,14118,6,"Tires, Wheel Bearings"
M0317,T045,2024-12-27,Emergency,18944,8,"Transmission Fluid, Clutch"
M0318,T045,2024-08-16,Scheduled,4551,0,"Radiator, Water Pump"
M0319,T045,2024-06-22,Emergency,10672,1,"Exhaust System, Catalytic Converter"
M0320,T045,2023-04-30,Emergency,18798,3,"Radiator, Water Pump"
M0321,T045,2023-11-13,Scheduled,4896,0,"Radiator, Water Pump"
M0322,T045,2023-04-01,Scheduled,7030,1,"Tires, Wheel Bearings"
M0323,T046,2024-07-18,Scheduled,1541,3,"Oil Filter, Air Filter"
M0324,T046,2024-08-30,Scheduled,6903,3,"Brake Pads, Brake Discs"
M0325,T046,2023-11-15,Scheduled,3745,1,"Battery, Alternator"
M0326,T046,2023-12-30,Scheduled,3463,2,"Tires, Wheel Bearings"
M0327,T046,2023-12-14,Scheduled,3515,1,"Battery, Alternator"
M0328,T046,2024-05-26,Scheduled,5395,2,"Radiator, Water Pump"
M0329,T046,2023-04-27,Scheduled,1701,3,"Tires, Wheel Bearings"
M0330,T046,2023-10-03,Scheduled,4833,2,"Battery, Alternator"
M0331,T046,2024-03-19,Emergency,13620,1,"Spark Plugs, Fuel Injectors"
M0332,T046,2023-03-04,Emergency,9103,6,"Brake Pads, Brake Discs"
M0333,T046,2023-02-12,Scheduled,5372,2,"Brake Pads, Brake Discs"
M0334,T046,2024-01-17,Scheduled,832,2,"Oil Filter, Air Filter"
M0335,T046,2023-05-19,Scheduled,842,1,"Oil Filter, Air Filter"
M0336,T046,2024-07-11,Scheduled,3548,0,"Tires, Wheel Bearings"
M0337,T046,2024-05-12,Scheduled,4398,3,"Exhaust System, Catalytic Converter"
M0338,T046,2023-09-16,Emergency,9106,4,"Battery, Alternator"
M0339,T046,2024-01-17,Emergency,16526,1,"Oil Filter, Air Filter"
M0340,T046,2023-09-09,Scheduled,2099,2,"Brake Pads, Brake Discs"
M0341,T046,2024-09-08,Emergency,5033,4,"Radiator, Water Pump"
M0342,T046,2024-03-29,Scheduled,753,2,"Battery, Alternator"
M0343,T047,2024-04-17,Scheduled,3130,0,"Spark Plugs, Fuel Injectors"
M0344,T047,2023-10-15,Scheduled,3231,1,"Transmission Fluid, Clutch"
M0345,T047,2024-03-06,Scheduled,4208,2,"Battery, Alternator"
M0346,T047,2023-01-06,Scheduled,1729,0,"Radiator, Water Pump"
M0347,T047,2024-04-12,Scheduled,1684,2,"Oil Filter, Air Filter"
M0348,T047,2024-11-18,Scheduled,877,0,"Brake Pads, Brake Discs"
M0349,T048,2024-12-19,Emergency,9499,3,"Spark Plugs, Fuel Injectors"
M0350,T048,2024-06-14,Scheduled,810,0,"Exhaust System, Catalytic Converter"
M0351,T048,2023-06-25,Scheduled,3199,0,"Radiator, Water Pump"
M0352,T048,2024-03-21,Scheduled,2678,0,"Exhaust System, Catalytic Converter"
M0353,T048,2023-09-08,Scheduled,3142,0,"Transmission Fluid, Clutch"
M0354,T048,2024-06-08,Scheduled,2185,3,"Brake Pads, Brake Discs"
M0355,T048,2024-09-20,Scheduled,3741,0,"Transmission Fluid, Clutch"
M0356,T048,2024-06-01,Scheduled,4677,1,"Brake Pads, Brake Discs"
M0357,T048,2024-05-10,Scheduled,2908,3,"Radiator, Water Pump"
M0358,T048,2024-09-26,Scheduled,4399,0,"Exhaust System, Catalytic Converter"
M0359,T048,2024-06-19,Emergency,4878,9,"Radiator, Water Pump"
M0360,T049,2024-11-22,Scheduled,4864,1,"Radiator, Water Pump"
M0361,T049,2023-05-14,Scheduled,1497,3,"Tires, Wheel Bearings"
M0362,T049,2023-11-16,Scheduled,1743,3,"Battery, Alternator"
M0363,T049,2023-05-16,Scheduled,4330,3,"Exhaust System, Catalytic Converter"
M0364,T049,2024-09-29,Scheduled,1369,1,"Spark Plugs, Fuel Injectors"
M0365,T049,2024-12-08,Scheduled,673,0,"Exhaust System, Catalytic Converter"
M0366,T049,2023-10-19,Emergency,12588,7,"Transmission Fluid, Clutch"
M0367,T049,2023-03-17,Emergency,7889,9,"Exhaust System, Catalytic Converter"
M0368,T050,2023-04-11,Scheduled,2431,2,"Transmission Fluid, Clutch"
M0369,T050,2023-04-29,Scheduled,3091,2,"Oil Filter, Air Filter"
M0370,T050,2023-02-21,Scheduled,3880,3,"Exhaust System, Catalytic Converter"
M0371,T050,2023-12-09,Emergency,13419,4,"Oil Filter, Air Filter"
M0372,T050,2023-01-28,Scheduled,1423,2,"Oil Filter, Air Filter"
M0373,T050,2023-02-09,Scheduled,1540,3,"Spark Plugs, Fuel Injectors"
M0374,T050,2023-10-08,Scheduled,3582,3,"Exhaust System, Catalytic Converter"
M0375,T051,2023-10-13,Emergency,13320,2,"Oil Filter, Air Filter"
M0376,T051,2024-05-30,Scheduled,1812,0,"Exhaust System, Catalytic Converter"
M0377,T051,2023-12-26,Emergency,18249,9,"Oil Filter, Air Filter"
M0378,T051,2024-07-06,Emergency,17564,5,"Brake Pads, Brake Discs"
M0379,T051,2024-04-10,Scheduled,2449,1,"Battery, Alternator"
M0380,T051,2024-05-09,Emergency,8231,7,"Oil Filter, Air Filter"
M0381,T051,2023-02-21,Scheduled,7230,2,"Spark Plugs, Fuel Injectors"
M0382,T051,2023-01-07,Emergency,6330,1,"Exhaust System, Catalytic Converter"
M0383,T051,2023-07-22,Scheduled,5415,1,"Radiator, Water Pump"
M0384,T051,2024-05-04,Scheduled,5181,3,"Brake Pads, Brake Discs"
M0385,T052,2023-11-12,Scheduled,3546,0,"Battery, Alternator"
M0386,T052,2023-12-08,Scheduled,2237,0,"Exhaust System, Catalytic Converter"
M0387,T052,2024-07-11,Scheduled,1429,0,"Brake Pads, Brake Discs"
M0388,T052,2024-10-11,Scheduled,4699,0,"Spark Plugs, Fuel Injectors"
M0389,T052,2023-05-05,Scheduled,2212,1,"Exhaust System, Catalytic Converter"
M0390,T052,2023-02-26,Scheduled,1739,0,"Transmission Fluid, Clutch"
M0391,T052,2023-09-10,Scheduled,2404,3,"Spark Plugs, Fuel Injectors"
M0392,T052,2023-11-27,Scheduled,2163,1,"Brake Pads, Brake Discs"
M0393,T052,2024-01-01,Emergency,7798,6,"Exhaust System, Catalytic Converter"
M0394,T052,2023-02-19,Scheduled,1928,2,"Battery, Alternator"
M0395,T052,2024-06-02,Emergency,8922,1,"Transmission Fluid, Clutch"
M0396,T053,2023-07-26,Emergency,3821,10,"Brake Pads, Brake Discs"
M0397,T053,2024-06-30,Emergency,6856,1,"Tires, Wheel Bearings"
M0398,T053,2023-07-21,Scheduled,2849,3,"Oil Filter, Air Filter"
M0399,T053,2023-11-22,Scheduled,3641,2,"Battery, Alternator"
M0400,T053,2024-02-05,Scheduled,2611,0,"Tires, Wheel Bearings"
M0401,T053,2023-01-27,Scheduled,5017,0,"Transmission Fluid, Clutch"
M0402,T053,2024-02-22,Scheduled,6750,0,"Spark Plugs, Fuel Injectors"
M0403,T053,2024-07-28,Scheduled,1673,2,"Oil Filter, Air Filter"
M0404,T053,2023-11-04,Scheduled,6116,3,"Transmission Fluid, Clutch"
M0405,T053,2024-01-21,Emergency,6726,3,"Oil Filter, Air Filter"
M0406,T053,2024-04-25,Scheduled,5583,1,"Tires, Wheel Bearings"
M0407,T053,2023-06-14,Emergency,8483,10,"Spark Plugs, Fuel Injectors"
M0408,T055,2024-08-27,Scheduled,1010,3,"Transmission Fluid, Clutch"
M0409,T055,2024-09-24,Scheduled,2453,3,"Battery, Alternator"
M0410,T055,2023-02-05,Emergency,6367,3,"Brake Pads, Brake Discs"
M0411,T055,2024-04-06,Scheduled,2911,1,"Transmission Fluid, Clutch"
M0412,T055,2023-04-24,Scheduled,1571,0,"Radiator, Water Pump"
M0413,T055,2023-04-07,Scheduled,3493,3,"Transmission Fluid, Clutch"
M0414,T055,2024-06-03,Emergency,7780,9,"Exhaust System, Catalytic Converter"
M0415,T055,2023-12-20,Scheduled,4530,1,"Radiator, Water Pump"
M0416,T055,2023-09-01,Emergency,10469,1,"Brake Pads, Brake Discs"
M0417,T055,2023-11-23,Scheduled,1232,2,"Brake Pads, Brake Discs"
M0418,T055,2024-01-17,Scheduled,947,3,"Battery, Alternator"
M0419,T055,2024-01-01,Scheduled,1638,1,"Spark Plugs, Fuel Injectors"
M0420,T058,2024-09-23,Scheduled,1570,1,"Exhaust System, Catalytic Converter"
M0421,T058,2024-08-14,Scheduled,2014,0,"Radiator, Water Pump"
M0422,T058,2024-03-14,Scheduled,3564,1,"Battery, Alternator"
M0423,T058,2023-03-28,Scheduled,1563,0,"Spark Plugs, Fuel Injectors"
M0424,T058,2024-03-16,Scheduled,2777,0,"Radiator, Water Pump"
M0425,T058,2023-01-31,Emergency,14484,1,"Radiator, Water Pump"
M0426,T058,2024-02-21,Scheduled,4006,3,"Battery, Alternator"
M0427,T058,2024-03-03,Emergency,14168,6,"Transmission Fluid, Clutch"
M0428,T058,2023-08-07,Scheduled,1190,3,"Transmission Fluid, Clutch"
M0429,T059,2024-04-04,Scheduled,3500,0,"Transmission Fluid, Clutch"
M0430,T059,2024-05-30,Scheduled,557,0,"Oil Filter, Air Filter"
M0431,T059,2023-04-21,Scheduled,3722,3,"Battery, Alternator"
M0432,T059,2024-10-06,Scheduled,737,2,"Oil Filter, Air Filter"
M0433,T059,2024-09-13,Scheduled,926,0,"Brake Pads, Brake Discs"
M0434,T059,2023-12-27,Scheduled,4859,1,"Oil Filter, Air Filter"
M0435,T060,2023-04-04,Scheduled,2419,3,"Transmission Fluid, Clutch"
M0436,T060,2024-03-23,Scheduled,2698,1,"Oil Filter, Air Filter"
M0437,T060,2023-01-29,Scheduled,816,3,"Oil Filter, Air Filter"
M0438,T060,2024-10-11,Emergency,4238,7,"Exhaust System, Catalytic Converter"
M0439,T060,2024-09-03,Scheduled,2266,1,"Spark Plugs, Fuel Injectors"
M0440,T060,2023-07-28,Scheduled,500,0,"Oil Filter, Air Filter"
M0441,T060,2023-05-30,Scheduled,2333,1,"Radiator, Water Pump"
M0442,T060,2024-05-05,Scheduled,2736,2,"Spark Plugs, Fuel Injectors"
M0443,T060,2024-12-13,Scheduled,4438,1,"Tires, Wheel Bearings"
M0444,T060,2023-12-29,Scheduled,2833,3,"Exhaust System, Catalytic Converter"
M0445,T060,2024-11-20,Scheduled,1358,2,"Tires, Wheel Bearings"
M0446,T060,2024-07-19,Scheduled,3009,2,"Spark Plugs, Fuel Injectors"
M0447,T061,2023-04-16,Scheduled,4698,1,"Tires, Wheel Bearings"
M0448,T061,2023-10-06,Scheduled,3260,2,"Spark Plugs, Fuel Injectors"
M0449,T061,2024-10-09,Scheduled,643,0,"Tires, Wheel Bearings"
M0450,T061,2024-08-13,Scheduled,666,0,"Spark Plugs, Fuel Injectors"
M0451,T061,2024-05-21,Scheduled,1388,3,"Exhaust System, Catalytic Converter"
M0452,T061,2023-03-11,Scheduled,3840,3,"Oil Filter, Air Filter"
M0453,T065,2024-08-05,Scheduled,3131,1,"Oil Filter, Air Filter"
M0454,T065,2023-02-20,Scheduled,3252,2,"Tires, Wheel Bearings"
M0455,T065,2023-09-03,Scheduled,1478,3,"Oil Filter, Air Filter"
M0456,T065,2023-09-01,Scheduled,6836,0,"Transmission Fluid, Clutch"
M0457,T065,2024-06-25,Scheduled,6108,0,"Spark Plugs, Fuel Injectors"
M0458,T065,2024-06-17,Scheduled,4312,2,"Tires, Wheel Bearings"
M0459,T065,2024-08-25,Scheduled,2151,3,"Spark Plugs, Fuel Injectors"
M0460,T065,2023-03-08,Scheduled,3015,1,"Spark Plugs, Fuel Injectors"
M0461,T065,2023-12-12,Scheduled,1248,2,"Radiator, Water Pump"
M0462,T065,2024-12-16,Scheduled,1949,3,"Tires, Wheel Bearings"
M0463,T065,2024-09-24,Scheduled,1241,2,"Tires, Wheel Bearings"
M0464,T066,2023-11-07,Scheduled,1074,2,"Brake Pads, Brake Discs"
M0465,T066,2024-02-26,Scheduled,2251,3,"Transmission Fluid, Clutch"
M0466,T066,2024-07-12,Scheduled,1058,3,"Battery, Alternator"
M0467,T066,2023-10-11,Scheduled,2282,1,"Oil Filter, Air Filter"
M0468,T066,2024-11-16,Scheduled,4261,1,"Battery, Alternator"
M0469,T066,2024-04-04,Scheduled,5395,1,"Oil Filter, Air Filter"
M0470,T066,2023-06-11,Scheduled,6026,1,"Battery, Alternator"
M0471,T066,2024-09-29,Emergency,11604,10,"Exhaust System, Catalytic Converter"
M0472,T066,2024-03-03,Scheduled,4981,3,"Oil Filter, Air Filter"
M0473,T066,2023-05-17,Scheduled,2687,1,"Exhaust System, Catalytic Converter"
M0474,T066,2024-07-27,Scheduled,763,3,"Spark Plugs, Fuel Injectors"
M0475,T066,2024-07-25,Scheduled,3296,3,"Exhaust System, Catalytic Converter"
M0476,T066,2023-03-07,Scheduled,3511,0,"Spark Plugs, Fuel Injectors"
M0477,T066,2023-04-09,Scheduled,4027,1,"Tires, Wheel Bearings"
M0478,T066,2024-07-26,Scheduled,4733,3,"Oil Filter, Air Filter"
M0479,T068,2024-11-11,Scheduled,4667,2,"Oil Filter, Air Filter"
M0480,T068,2023-10-28,Scheduled,4264,3,"Battery, Alternator"
M0481,T068,2023-05-09,Scheduled,1377,3,"Radiator, Water Pump"
M0482,T068,2023-05-16,Scheduled,1226,2,"Spark Plugs, Fuel Injectors"
M0483,T068,2023-03-10,Scheduled,4014,2,"Oil Filter, Air Filter"
M0484,T068,2023-05-09,Scheduled,2560,3,"Exhaust System, Catalytic Converter"
M0485,T068,2024-01-17,Emergency,3425,5,"Radiator, Water Pump"
M0486,T068,2023-04-26,Scheduled,2595,3,"Battery, Alternator"
M0487,T070,2024-07-07,Scheduled,5250,1,"Brake Pads, Brake Discs"
M0488,T070,2024-03-13,Scheduled,3977,0,"Spark Plugs, Fuel Injectors"
M0489,T070,2023-04-25,Scheduled,2117,3,"Spark Plugs, Fuel Injectors"
M0490,T070,2023-01-18,Scheduled,3549,3,"Battery, Alternator"
M0491,T070,2024-11-24,Emergency,8966,1,"Tires, Wheel Bearings"
M0492,T070,2024-09-09,Scheduled,4280,1,"Exhaust System, Catalytic Converter"
M0493,T070,2023-03-28,Scheduled,5899,1,"Spark Plugs, Fuel Injectors"
M0494,T070,2024-08-06,Emergency,5668,5,"Radiator, Water Pump"
M0495,T070,2024-02-01,Scheduled,1604,0,"Radiator, Water Pump"
M0496,T070,2024-11-30,Scheduled,6207,0,"Transmission Fluid, Clutch"
M0497,T070,2023-04-15,Scheduled,2788,0,"Exhaust System, Catalytic Converter"
M0498,T070,2023-11-23,Emergency,13138,10,"Radiator, Water Pump"
M0499,T070,2023-11-06,Emergency,17186,5,"Exhaust System, Catalytic Converter"
M0500,T071,2024-04-29,Scheduled,1771,2,"Brake Pads, Brake Discs"
M0501,T071,2024-08-24,Scheduled,812,0,"Oil Filter, Air Filter"
M0502,T071,2024-08-24,Scheduled,1077,2,"Transmission Fluid, Clutch"
M0503,T071,2023-03-09,Scheduled,4511,3,"Transmission Fluid, Clutch"
M0504,T071,2024-12-12,Scheduled,3576,2,"Spark Plugs, Fuel Injectors"
M0505,T071,2024-03-07,Scheduled,4915,0,"Brake Pads, Brake Discs"
M0506,T071,2024-01-04,Scheduled,1083,0,"Radiator, Water Pump"
M0507,T071,2023-11-02,Scheduled,703,1,"Oil Filter, Air Filter"
M0508,T071,2023-09-07,Scheduled,1462,1,"Battery, Alternator"
M0509,T071,2024-01-05,Scheduled,779,0,"Radiator, Water Pump"
M0510,T071,2023-11-07,Scheduled,908,3,"Brake Pads, Brake Discs"
M0511,T071,2023-02-04,Scheduled,2841,0,"Spark Plugs, Fuel Injectors"
M0512,T072,2023-03-04,Scheduled,2209,3,"Battery, Alternator"
M0513,T072,2024-01-01,Scheduled,3521,0,"Tires, Wheel Bearings"
M0514,T072,2023-05-23,Scheduled,4585,2,"Battery, Alternator"
M0515,T072,2023-10-20,Scheduled,902,0,"Radiator, Water Pump"
M0516,T072,2024-12-09,Scheduled,3393,0,"Spark Plugs, Fuel Injectors"
M0517,T072,2023-12-01,Scheduled,1813,3,"Battery, Alternator"
M0518,T072,2024-03-10,Scheduled,3404,1,"Radiator, Water Pump"
M0519,T072,2024-06-03,Scheduled,2555,2,"Brake Pads, Brake Discs"
M0520,T072,2023-11-12,Scheduled,2247,3,"Oil Filter, Air Filter"
M0521,T072,2023-09-27,Scheduled,3397,1,"Transmission Fluid, Clutch"
M0522,T072,2024-08-03,Emergency,3198,5,"Oil Filter, Air Filter"
M0523,T072,2023-11-01,Scheduled,1659,1,"Exhaust System, Catalytic Converter"
M0524,T073,2024-07-17,Emergency,9503,6,"Radiator, Water Pump"
M0525,T073,2023-11-08,Emergency,11802,10,"Transmission Fluid, Clutch"
M0526,T073,2024-12-14,Scheduled,3224,1,"Radiator, Water Pump"
M0527,T073,2024-10-17,Emergency,8909,6,"Brake Pads, Brake Discs"
M0528,T073,2024-01-04,Scheduled,2122,1,"Radiator, Water Pump"
M0529,T073,2024-12-07,Scheduled,1077,0,"Oil Filter, Air Filter"
M0530,T073,2024-03-01,Emergency,2393,8,"Oil Filter, Air Filter"
M0531,T073,2024-07-18,Scheduled,2513,0,"Radiator, Water Pump"
M0532,T073,2024-08-26,Scheduled,2216,0,"Radiator, Water Pump"
M0533,T075,2023-02-28,Scheduled,1357,1,"Battery, Alternator"
M0534,T075,2023-03-20,Scheduled,3394,2,"Tires, Wheel Bearings"
M0535,T075,2024-01-24,Scheduled,636,3,"Exhaust System, Catalytic Converter"
M0536,T075,2024-01-29,Scheduled,985,1,"Transmission Fluid, Clutch"
M0537,T075,2023-04-16,Scheduled,4616,2,"Tires, Wheel Bearings"
M0538,T075,2023-10-09,Scheduled,1592,1,"Radiator, Water Pump"
M0539,T075,2023-06-09,Emergency,2213,2,"Transmission Fluid, Clutch"
M0540,T076,2023-10-22,Emergency,19027,5,"Tires, Wheel Bearings"
M0541,T076,2023-07-13,Scheduled,6755,2,"Oil Filter, Air Filter"
M0542,T076,2024-06-07,Emergency,9780,5,"Tires, Wheel Bearings"
M0543,T076,2023-11-27,Emergency,15979,1,"Brake Pads, Brake Discs"
M0544,T076,2023-11-08,Scheduled,4664,2,"Oil Filter, Air Filter"
M0545,T076,2023-02-04,Scheduled,7423,0,"Spark Plugs, Fuel Injectors"
M0546,T076,2024-03-13,Emergency,21877,7,"Transmission Fluid, Clutch"
M0547,T076,2024-02-19,Emergency,11458,2,"Spark Plugs, Fuel Injectors"
M0548,T076,2023-06-02,Emergency,19256,7,"Tires, Wheel Bearings"
M0549,T076,2024-12-23,Scheduled,921,3,"Exhaust System, Catalytic Converter"
M0550,T076,2023-08-14,Scheduled,962,1,"Spark Plugs, Fuel Injectors"
M0551,T076,2023-11-09,Emergency,20917,4,"Transmission Fluid, Clutch"
M0552,T076,2023-01-30,Scheduled,3466,2,"Exhaust System, Catalytic Converter"
M0553,T076,2024-11-07,Scheduled,1868,3,"Battery, Alternator"
M0554,T076,2024-06-29,Scheduled,4896,0,"Radiator, Water Pump"
M0555,T076,2024-03-03,Emergency,15665,5,"Radiator, Water Pump"
M0556,T076,2023-01-30,Scheduled,6195,1,"Radiator, Water Pump"
M0557,T076,2024-06-21,Scheduled,4778,3,"Radiator, Water Pump"
M0558,T076,2023-05-16,Emergency,12103,9,"Spark Plugs, Fuel Injectors"
M0559,T076,2023-08-29,Scheduled,5303,2,"Oil Filter, Air Filter"
M0560,T076,2023-06-13,Emergency,19973,4,"Battery, Alternator"
M0561,T076,2023-12-24,Scheduled,6164,1,"Spark Plugs, Fuel Injectors"
M0562,T076,2023-09-25,Scheduled,8113,3,"Tires, Wheel Bearings"
M0563,T076,2023-01-13,Scheduled,8965,2,"Spark Plugs, Fuel Injectors"
M0564,T076,2023-10-15,Emergency,21561,6,"Oil Filter, Air Filter"
M0565,T076,2024-07-14,Scheduled,6777,1,"Tires, Wheel Bearings"
M0566,T077,2024-03-23,Scheduled,5852,0,"Spark Plugs, Fuel Injectors"
M0567,T077,2023-05-17,Emergency,18686,10,"Exhaust System, Catalytic Converter"
M0568,T077,2023-07-23,Scheduled,1549,0,"Radiator, Water Pump"
M0569,T077,2023-05-11,Scheduled,2458,0,"Oil Filter, Air Filter"
M0570,T077,2024-02-19,Scheduled,5856,1,"Tires, Wheel Bearings"
M0571,T077,2024-11-13,Emergency,4682,10,"Brake Pads, Brake Discs"
M0572,T077,2023-02-28,Scheduled,1620,2,"Tires, Wheel Bearings"
M0573,T077,2023-12-26,Emergency,13738,10,"Exhaust System, Catalytic Converter"
M0574,T077,2024-06-16,Emergency,13657,4,"Radiator, Water Pump"
M0575,T077,2023-01-24,Scheduled,4995,2,"Spark Plugs, Fuel Injectors"
M0576,T077,2023-01-31,Scheduled,5863,2,"Brake Pads, Brake Discs"
M0577,T078,2024-08-21,Emergency,7595,10,"Oil Filter, Air Filter"
M0578,T078,2024-10-04,Emergency,12217,4,"Spark Plugs, Fuel Injectors"
M0579,T078,2023-03-01,Scheduled,2463,2,"Battery, Alternator"
M0580,T078,2023-03-25,Scheduled,2744,2,"Tires, Wheel Bearings"
M0581,T078,2024-12-04,Scheduled,3062,2,"Brake Pads, Brake Discs"
M0582,T078,2024-10-16,Scheduled,2569,1,"Radiator, Water Pump"
M0583,T078,2023-08-31,Scheduled,2033,3,"Brake Pads, Brake Discs"
M0584,T078,2024-10-16,Scheduled,2423,2,"Brake Pads, Brake Discs"
M0585,T079,2023-09-25,Emergency,4504,10,"Spark Plugs, Fuel Injectors"
M0586,T079,2024-07-26,Scheduled,699,1,"Spark Plugs, Fuel Injectors"
M0587,T079,2023-09-19,Scheduled,3142,3,"Tires, Wheel Bearings"
M0588,T079,2024-08-21,Scheduled,4637,0,"Tires, Wheel Bearings"
M0589,T079,2024-06-17,Scheduled,3874,1,"Tires, Wheel Bearings"
M0590,T079,2023-08-26,Scheduled,2369,0,"Exhaust System, Catalytic Converter"
M0591,T080,2023-09-25,Emergency,13083,8,"Tires, Wheel Bearings"
M0592,T080,2024-06-14,Scheduled,2838,1,"Battery, Alternator"
M0593,T080,2023-06-06,Scheduled,2818,2,"Oil Filter, Air Filter"
M0594,T080,2023-07-31,Scheduled,2419,1,"Battery, Alternator"
M0595,T080,2023-10-24,Emergency,18464,4,"Transmission Fluid, Clutch"
M0596,T080,2024-03-20,Scheduled,6496,3,"Spark Plugs, Fuel Injectors"
M0597,T080,2024-09-12,Scheduled,3396,0,"Brake Pads, Brake Discs"
M0598,T080,2023-05-12,Scheduled,5087,3,"Tires, Wheel Bearings"
M0599,T080,2024-11-08,Emergency,10646,2,"Tires, Wheel Bearings"
M0600,T080,2023-07-06,Emergency,8373,10,"Tires, Wheel Bearings"
M0601,T080,2024-09-12,Scheduled,1958,1,"Oil Filter, Air Filter"
M0602,T080,2023-12-12,Emergency,16145,1,"Exhaust System, Catalytic Converter"
M0603,T080,2023-05-23,Scheduled,6052,0,"Brake Pads, Brake Discs"
M0604,T080,2024-02-18,Scheduled,2608,3,"Battery, Alternator"
M0605,T080,2023-08-08,Scheduled,1811,3,"Tires, Wheel Bearings"
M0606,T080,2023-11-25,Scheduled,3533,1,"Brake Pads, Brake Discs"
M0607,T081,2023-12-29,Scheduled,4814,2,"Transmission Fluid, Clutch"
M0608,T081,2023-11-29,Scheduled,2764,0,"Oil Filter, Air Filter"
M0609,T081,2023-10-14,Scheduled,1689,0,"Exhaust System, Catalytic Converter"
M0610,T081,2024-09-12,Scheduled,3748,0,"Tires, Wheel Bearings"
M0611,T081,2023-12-30,Scheduled,2642,1,"Oil Filter, Air Filter"
M0612,T081,2024-05-01,Scheduled,3292,2,"Brake Pads, Brake Discs"
M0613,T081,2023-07-09,Scheduled,4837,0,"Tires, Wheel Bearings"
M0614,T081,2024-09-25,Scheduled,3020,0,"Radiator, Water Pump"
M0615,T081,2023-02-13,Scheduled,2683,1,"Radiator, Water Pump"
M0616,T081,2024-09-22,Emergency,7836,2,"Oil Filter, Air Filter"
M0617,T081,2024-08-24,Scheduled,4108,2,"Transmission Fluid, Clutch"
M0618,T081,2024-09-10,Emergency,9810,6,"Tires, Wheel Bearings"
M0619,T082,2024-05-05,Scheduled,1841,2,"Oil Filter, Air Filter"
M0620,T082,2024-04-29,Scheduled,2962,0,"Radiator, Water Pump"
M0621,T082,2023-05-28,Emergency,12672,6,"Exhaust System, Catalytic Converter"
M0622,T082,2024-08-15,Scheduled,5576,0,"Spark Plugs, Fuel Injectors"
M0623,T082,2023-03-29,Emergency,18354,9,"Brake Pads, Brake Discs"
M0624,T082,2024-05-19,Emergency,6548,10,"Oil Filter, Air Filter"
M0625,T082,2024-03-03,Scheduled,4229,0,"Tires, Wheel Bearings"
M0626,T082,2024-10-29,Emergency,17409,2,"Brake Pads, Brake Discs"
M0627,T082,2024-02-12,Scheduled,3541,0,"Spark Plugs, Fuel Injectors"
M0628,T082,2023-03-21,Scheduled,2462,1,"Radiator, Water Pump"
M0629,T082,2024-11-14,Emergency,12920,10,"Radiator, Water Pump"
M0630,T082,2023-07-01,Scheduled,2164,2,"Brake Pads, Brake Discs"
M0631,T082,2024-11-15,Scheduled,5599,1,"Tires, Wheel Bearings"
M0632,T082,2024-11-14,Scheduled,5215,2,"Transmission Fluid, Clutch"
M0633,T082,2024-12-03,Emergency,4697,7,"Battery, Alternator"
M0634,T082,2024-02-22,Scheduled,5545,0,"Radiator, Water Pump"
M0635,T082,2023-04-12,Scheduled,5804,0,"Transmission Fluid, Clutch"
M0636,T082,2024-07-06,Scheduled,6495,3,"Battery, Alternator"
M0637,T082,2024-05-08,Scheduled,2954,3,"Brake Pads, Brake Discs"
M0638,T083,2024-12-02,Scheduled,2452,2,"Transmission Fluid, Clutch"
M0639,T083,2023-04-14,Scheduled,3547,0,"Battery, Alternator"
M0640,T083,2024-07-17,Emergency,11483,1,"Battery, Alternator"
M0641,T083,2023-01-05,Scheduled,1557,1,"Tires, Wheel Bearings"
M0642,T083,2023-12-30,Scheduled,4887,0,"Oil Filter, Air Filter"
M0643,T083,2023-06-22,Scheduled,1456,0,"Tires, Wheel Bearings"
M0644,T085,2023-02-03,Emergency,7866,5,"Exhaust System, Catalytic Converter"
M0645,T085,2024-04-07,Scheduled,1692,2,"Oil Filter, Air Filter"
M0646,T085,2024-07-18,Emergency,3458,4,"Transmission Fluid, Clutch"
M0647,T085,2023-12-05,Scheduled,2905,1,"Brake Pads, Brake Discs"
M0648,T085,2023-08-12,Scheduled,2158,1,"Tires, Wheel Bearings"
M0649,T085,2024-02-12,Scheduled,4784,2,"Transmission Fluid, Clutch"
M0650,T085,2023-06-05,Scheduled,5278,3,"Transmission Fluid, Clutch"
M0651,T085,2023-12-03,Scheduled,3700,1,"Transmission Fluid, Clutch"
M0652,T085,2023-10-07,Emergency,12146,10,"Brake Pads, Brake Discs"
M0653,T085,2024-12-09,Emergency,11107,10,"Tires, Wheel Bearings"
M0654,T085,2024-06-30,Scheduled,878,1,"Tires, Wheel Bearings"
M0655,T085,2024-02-13,Emergency,9974,2,"Battery, Alternator"
M0656,T085,2023-06-01,Emergency,3952,10,"Radiator, Water Pump"
M0657,T085,2023-03-03,Scheduled,2939,1,"Oil Filter, Air Filter"
M0658,T085,2024-08-01,Scheduled,6043,0,"Transmission Fluid, Clutch"
M0659,T085,2023-03-13,Scheduled,2730,2,"Spark Plugs, Fuel Injectors"
M0660,T085,2023-08-04,Scheduled,1634,1,"Exhaust System, Catalytic Converter"
M0661,T085,2023-10-29,Scheduled,4019,1,"Spark Plugs, Fuel Injectors"
M0662,T086,2024-10-26,Scheduled,2932,3,"Transmission Fluid, Clutch"
M0663,T086,2024-07-07,Emergency,5281,2,"Oil Filter, Air Filter"
M0664,T086,2023-07-18,Emergency,6671,7,"Battery, Alternator"
M0665,T086,2023-11-16,Emergency,7267,2,"Battery, Alternator"
M0666,T086,2024-12-03,Scheduled,2328,3,"Oil Filter, Air Filter"
M0667,T086,2023-09-08,Scheduled,7082,3,"Transmission Fluid, Clutch"
M0668,T086,2024-06-15,Emergency,14464,5,"Tires, Wheel Bearings"
M0669,T086,2023-08-06,Scheduled,3857,2,"Tires, Wheel Bearings"
M0670,T086,2023-06-09,Scheduled,2692,2,"Brake Pads, Brake Discs"
M0671,T086,2024-08-26,Emergency,8813,3,"Oil Filter, Air Filter"
M0672,T086,2023-05-14,Emergency,8353,8,"Radiator, Water Pump"
M0673,T086,2023-02-27,Emergency,17180,1,"Spark Plugs, Fuel Injectors"
M0674,T086,2023-09-30,Scheduled,3674,0,"Battery, Alternator"
M0675,T086,2024-11-22,Scheduled,5278,0,"Exhaust System, Catalytic Converter"
M0676,T086,2024-04-03,Scheduled,4294,0,"Brake Pads, Brake Discs"
M0677,T087,2023-08-18,Scheduled,3884,3,"Oil Filter, Air Filter"
M0678,T087,2023-07-25,Emergency,13536,8,"Exhaust System, Catalytic Converter"
M0679,T087,2023-10-11,Scheduled,3649,3,"Tires, Wheel Bearings"
M0680,T087,2024-10-30,Scheduled,1419,3,"Brake Pads, Brake Discs"
M0681,T087,2024-05-16,Scheduled,1289,0,"Transmission Fluid, Clutch"
M0682,T087,2023-04-01,Scheduled,1843,3,"Radiator, Water Pump"
M0683,T087,2024-05-10,Scheduled,1839,3,"Battery, Alternator"
M0684,T087,2023-11-14,Scheduled,4797,3,"Tires, Wheel Bearings"
M0685,T087,2024-04-11,Scheduled,2669,0,"Radiator, Water Pump"
M0686,T087,2023-10-19,Scheduled,862,2,"Brake Pads, Brake Discs"
M0687,T087,2023-07-11,Scheduled,2657,3,"Spark Plugs, Fuel Injectors"
M0688,T090,2024-01-16,Scheduled,5839,3,"Spark Plugs, Fuel Injectors"
M0689,T090,2024-02-21,Emergency,4560,2,"Transmission Fluid, Clutch"
M0690,T090,2023-04-05,Scheduled,2991,0,"Transmission Fluid, Clutch"
M0691,T090,2024-07-08,Emergency,3705,3,"Spark Plugs, Fuel Injectors"
M0692,T090,2023-01-28,Scheduled,1657,3,"Radiator, Water Pump"
M0693,T090,2023-07-07,Scheduled,4903,0,"Tires, Wheel Bearings"
M0694,T090,2024-05-13,Emergency,15454,6,"Transmission Fluid, Clutch"
M0695,T090,2024-05-08,Emergency,11653,4,"Brake Pads, Brake Discs"
M0696,T090,2024-06-28,Scheduled,4682,0,"Tires, Wheel Bearings"
M0697,T090,2023-05-06,Emergency,16418,8,"Tires, Wheel Bearings"
M0698,T090,2023-09-25,Scheduled,2158,2,"Spark Plugs, Fuel Injectors"
M0699,T091,2024-08-12,Scheduled,6367,3,"Brake Pads, Brake Discs"
M0700,T091,2024-06-29,Emergency,9952,5,"Tires, Wheel Bearings"
M0701,T091,2023-01-21,Scheduled,5816,0,"Spark Plugs, Fuel Injectors"
M0702,T091,2024-08-14,Scheduled,5657,0,"Battery, Alternator"
M0703,T091,2024-11-19,Scheduled,5236,1,"Battery, Alternator"
M0704,T091,2023-02-22,Scheduled,6183,2,"Exhaust System, Catalytic Converter"
M0705,T091,2023-11-25,Scheduled,2171,2,"Oil Filter, Air Filter"
M0706,T091,2023-08-26,Emergency,4122,2,"Brake Pads, Brake Discs"
M0707,T091,2024-05-23,Scheduled,751,1,"Oil Filter, Air Filter"
M0708,T091,2023-06-05,Emergency,8478,1,"Brake Pads, Brake Discs"
M0709,T092,2023-04-03,Emergency,15755,6,"Tires, Wheel Bearings"
M0710,T092,2023-08-17,Emergency,9087,3,"Exhaust System, Catalytic Converter"
M0711,T092,2023-06-03,Emergency,11279,3,"Transmission Fluid, Clutch"
M0712,T092,2024-09-25,Scheduled,2817,0,"Spark Plugs, Fuel Injectors"
M0713,T092,2024-02-02,Emergency,16694,8,"Transmission Fluid, Clutch"
M0714,T092,2023-06-02,Scheduled,6364,2,"Exhaust System, Catalytic Converter"
M0715,T092,2023-02-16,Emergency,21561,10,"Transmission Fluid, Clutch"
M0716,T092,2023-06-14,Scheduled,4599,2,"Radiator, Water Pump"
M0717,T092,2023-11-30,Scheduled,6431,0,"Oil Filter, Air Filter"
M0718,T092,2023-05-17,Scheduled,3922,3,"Transmission Fluid, Clutch"
M0719,T092,2023-12-28,Scheduled,3340,0,"Radiator, Water Pump"
M0720,T093,2023-08-15,Scheduled,3185,2,"Oil Filter, Air Filter"
M0721,T093,2023-09-23,Scheduled,1819,0,"Spark Plugs, Fuel Injectors"
M0722,T093,2024-12-30,Scheduled,4627,0,"Brake Pads, Brake Discs"
M0723,T093,2023-09-30,Emergency,12000,2,"Transmission Fluid, Clutch"
M0724,T093,2023-10-25,Emergency,13974,1,"Brake Pads, Brake Discs"
M0725,T093,2023-05-22,Emergency,3559,1,"Transmission Fluid, Clutch"
M0726,T093,2024-02-08,Scheduled,5263,0,"Transmission Fluid, Clutch"
M0727,T093,2023-05-17,Emergency,5496,4,"Tires, Wheel Bearings"
M0728,T093,2023-02-09,Scheduled,6195,1,"Tires, Wheel Bearings"
M0729,T093,2024-08-01,Scheduled,2232,2,"Transmission Fluid, Clutch"
M0730,T093,2024-11-25,Emergency,15338,2,"Brake Pads, Brake Discs"
M0731,T093,2024-11-08,Scheduled,4659,0,"Exhaust System, Catalytic Converter"
M0732,T093,2023-11-08,Emergency,8561,9,"Battery, Alternator"
M0733,T093,2023-05-30,Scheduled,3358,3,"Exhaust System, Catalytic Converter"
M0734,T093,2024-06-29,Scheduled,5304,2,"Spark Plugs, Fuel Injectors"
M0735,T093,2023-09-29,Scheduled,988,2,"Tires, Wheel Bearings"
M0736,T094,2023-08-01,Scheduled,625,3,"Transmission Fluid, Clutch"
M0737,T094,2023-04-19,Scheduled,1787,1,"Exhaust System, Catalytic Converter"
M0738,T094,2024-11-14,Scheduled,1570,3,"Exhaust System, Catalytic Converter"
M0739,T094,2024-02-18,Emergency,14899,1,"Spark Plugs, Fuel Injectors"
M0740,T094,2024-10-04,Scheduled,3708,1,"Battery, Alternator"
M0741,T094,2024-10-19,Scheduled,1064,0,"Transmission Fluid, Clutch"
M0742,T094,2023-08-28,Scheduled,1189,3,"Spark Plugs, Fuel Injectors"
M0743,T095,2023-10-13,Scheduled,1893,2,"Battery, Alternator"
M0744,T095,2023-07-30,Scheduled,866,2,"Brake Pads, Brake Discs"
M0745,T095,2023-03-23,Scheduled,3278,1,"Exhaust System, Catalytic Converter"
M0746,T095,2024-12-12,Scheduled,1198,0,"Battery, Alternator"
M0747,T095,2024-09-23,Scheduled,3536,2,"Brake Pads, Brake Discs"
M0748,T095,2024-06-03,Scheduled,4518,0,"Oil Filter, Air Filter"
M0749,T095,2024-02-09,Scheduled,4639,3,"Transmission Fluid, Clutch"
M0750,T095,2024-04-14,Scheduled,2041,2,"Tires, Wheel Bearings"
M0751,T095,2024-03-11,Scheduled,3266,2,"Oil Filter, Air Filter"
M0752,T095,2024-06-16,Emergency,2126,7,"Oil Filter, Air Filter"
M0753,T095,2024-03-19,Scheduled,975,1,"Exhaust System, Catalytic Converter"
M0754,T095,2024-04-10,Scheduled,1954,1,"Exhaust System, Catalytic Converter"
M0755,T096,2023-09-19,Emergency,14417,1,"Radiator, Water Pump"
M0756,T096,2023-04-05,Scheduled,1275,0,"Brake Pads, Brake Discs"
M0757,T096,2024-09-15,Scheduled,1549,3,"Transmission Fluid, Clutch"
M0758,T096,2023-01-19,Scheduled,714,2,"Brake Pads, Brake Discs"
M0759,T096,2023-12-01,Scheduled,3330,3,"Exhaust System, Catalytic Converter"
M0760,T096,2024-06-13,Scheduled,2024,2,"Oil Filter, Air Filter"
M0761,T096,2024-04-06,Scheduled,4580,2,"Brake Pads, Brake Discs"
M0762,T096,2024-11-09,Scheduled,1808,1,"Battery, Alternator"
M0763,T096,2024-11-07,Scheduled,4470,0,"Battery, Alternator"
M0764,T096,2024-11-22,Scheduled,4900,1,"Brake Pads, Brake Discs"
M0765,T096,2023-06-09,Scheduled,4289,3,"Spark Plugs, Fuel Injectors"
M0766,T097,2024-04-05,Emergency,10219,5,"Exhaust System, Catalytic Converter"
M0767,T097,2023-03-07,Scheduled,4496,0,"Radiator, Water Pump"
M0768,T097,2024-10-02,Scheduled,3063,1,"Brake Pads, Brake Discs"
M0769,T097,2023-07-23,Scheduled,2259,3,"Oil Filter, Air Filter"
M0770,T097,2023-09-23,Emergency,5688,10,"Battery, Alternator"
M0771,T097,2023-01-05,Emergency,9728,8,"Battery, Alternator"
M0772,T098,2023-08-28,Emergency,12959,5,"Tires, Wheel Bearings"
M0773,T098,2023-04-10,Emergency,4004,5,"Radiator, Water Pump"
M0774,T098,2024-05-23,Scheduled,1053,1,"Exhaust System, Catalytic Converter"
M0775,T098,2024-09-13,Scheduled,4517,2,"Spark Plugs, Fuel Injectors"
M0776,T098,2023-10-27,Scheduled,5715,0,"Oil Filter, Air Filter"
M0777,T098,2024-02-25,Emergency,14566,1,"Battery, Alternator"
M0778,T098,2023-03-14,Scheduled,5708,3,"Brake Pads, Brake Discs"
M0779,T098,2023-02-12,Scheduled,1696,3,"Brake Pads, Brake Discs"
M0780,T098,2024-12-20,Scheduled,2538,3,"Exhaust System, Catalytic Converter"
M0781,T098,2024-01-11,Emergency,19156,10,"Spark Plugs, Fuel Injectors"
M0782,T098,2024-09-24,Scheduled,4305,2,"Battery, Alternator"
M0783,T098,2024-03-31,Scheduled,2672,2,"Battery, Alternator"
M0784,T098,2024-02-27,Scheduled,2262,1,"Spark Plugs, Fuel Injectors"
M0785,T098,2024-02-22,Emergency,18992,6,"Exhaust System, Catalytic Converter"
M0786,T098,2024-04-11,Scheduled,1882,0,"Exhaust System, Catalytic Converter"
M0787,T098,2024-08-14,Scheduled,4275,2,"Brake Pads, Brake Discs"
M0788,T101,2024-03-22,Scheduled,3843,2,"Radiator, Water Pump"
M0789,T101,2024-11-29,Scheduled,992,1,"Battery, Alternator"
M0790,T101,2023-11-27,Scheduled,761,3,"Tires, Wheel Bearings"
M0791,T101,2023-06-13,Scheduled,1136,0,"Spark Plugs, Fuel Injectors"
M0792,T101,2024-11-29,Scheduled,3985,2,"Transmission Fluid, Clutch"
M0793,T101,2023-12-22,Scheduled,4216,0,"Tires, Wheel Bearings"
M0794,T101,2024-02-17,Scheduled,1718,1,"Spark Plugs, Fuel Injectors"
M0795,T102,2023-06-30,Scheduled,1063,0,"Battery, Alternator"
M0796,T102,2024-12-09,Emergency,11841,9,"Oil Filter, Air Filter"
M0797,T102,2024-11-22,Emergency,14847,9,"Brake Pads, Brake Discs"
M0798,T102,2023-07-31,Emergency,6116,10,"Spark Plugs, Fuel Injectors"
M0799,T102,2023-06-01,Scheduled,2361,1,"Spark Plugs, Fuel Injectors"
M0800,T102,2024-07-21,Scheduled,3545,1,"Exhaust System, Catalytic Converter"
M0801,T102,2023-11-08,Emergency,14080,1,"Exhaust System, Catalytic Converter"
M0802,T102,2024-07-28,Scheduled,3922,0,"Transmission Fluid, Clutch"
M0803,T102,2024-01-15,Scheduled,1211,2,"Tires, Wheel Bearings"
M0804,T102,2023-09-28,Scheduled,3144,1,"Radiator, Water Pump"
M0805,T102,2023-12-08,Scheduled,692,3,"Tires, Wheel Bearings"
M0806,T102,2023-08-04,Scheduled,4620,2,"Exhaust System, Catalytic Converter"
M0807,T102,2024-09-26,Scheduled,5382,1,"Oil Filter, Air Filter"
M0808,T102,2023-11-19,Scheduled,2997,0,"Tires, Wheel Bearings"
M0809,T102,2023-02-27,Emergency,5634,10,"Tires, Wheel Bearings"
M0810,T102,2023-11-16,Scheduled,1484,3,"Transmission Fluid, Clutch"
M0811,T102,2023-06-26,Scheduled,2202,1,"Tires, Wheel Bearings"
M0812,T103,2024-07-16,Scheduled,3582,0,"Battery, Alternator"
M0813,T103,2023-09-13,Scheduled,2152,2,"Spark Plugs, Fuel Injectors"
M0814,T103,2024-03-10,Emergency,2757,5,"Exhaust System, Catalytic Converter"
M0815,T103,2024-06-07,Emergency,6532,6,"Spark Plugs, Fuel Injectors"
M0816,T103,2024-06-08,Scheduled,1156,2,"Exhaust System, Catalytic Converter"
M0817,T103,2024-01-02,Scheduled,5756,3,"Exhaust System, Catalytic Converter"
M0818,T103,2024-05-13,Scheduled,5364,0,"Oil Filter, Air Filter"
M0819,T103,2023-10-09,Scheduled,5222,2,"Transmission Fluid, Clutch"
M0820,T103,2024-07-26,Emergency,10461,3,"Exhaust System, Catalytic Converter"
M0821,T103,2023-07-27,Scheduled,1803,1,"Oil Filter, Air Filter"
M0822,T103,2023-12-06,Scheduled,966,0,"Spark Plugs, Fuel Injectors"
M0823,T103,2023-12-04,Scheduled,4337,3,"Exhaust System, Catalytic Converter"
M0824,T103,2023-02-04,Scheduled,995,1,"Radiator, Water Pump"
M0825,T103,2023-01-20,Scheduled,3193,0,"Transmission Fluid, Clutch"
M0826,T103,2023-11-26,Scheduled,1344,1,"Brake Pads, Brake Discs"
M0827,T103,2023-02-07,Scheduled,1565,0,"Spark Plugs, Fuel Injectors"
M0828,T104,2023-10-16,Scheduled,3830,0,"Oil Filter, Air Filter"
M0829,T104,2024-02-13,Scheduled,659,0,"Tires, Wheel Bearings"
M0830,T104,2024-04-09,Scheduled,3666,1,"Exhaust System, Catalytic Converter"
M0831,T104,2023-09-12,Scheduled,3161,1,"Radiator, Water Pump"
M0832,T104,2023-05-14,Emergency,9355,4,"Brake Pads, Brake Discs"
M0833,T104,2023-10-04,Scheduled,3883,0,"Radiator, Water Pump"
M0834,T104,2024-12-19,Scheduled,996,0,"Tires, Wheel Bearings"
M0835,T104,2023-06-23,Scheduled,3412,0,"Brake Pads, Brake Discs"
M0836,T104,2023-07-15,Scheduled,4113,0,"Battery, Alternator"
M0837,T104,2023-07-06,Scheduled,575,1,"Exhaust System, Catalytic Converter"
M0838,T104,2024-10-05,Scheduled,1324,0,"Oil Filter, Air Filter"
M0839,T105,2024-09-29,Scheduled,2809,3,"Oil Filter, Air Filter"
M0840,T105,2023-10-29,Scheduled,3904,2,"Tires, Wheel Bearings"
M0841,T105,2024-04-12,Scheduled,1195,2,"Oil Filter, Air Filter"
M0842,T105,2023-02-01,Scheduled,2789,0,"Spark Plugs, Fuel Injectors"
M0843,T105,2024-05-04,Scheduled,1890,2,"Brake Pads, Brake Discs"
M0844,T105,2023-02-13,Scheduled,1762,2,"Tires, Wheel Bearings"
M0845,T105,2024-01-13,Scheduled,1352,1,"Spark Plugs, Fuel Injectors"
M0846,T105,2024-12-24,Scheduled,1384,3,"Oil Filter, Air Filter"
M0847,T105,2024-10-18,Scheduled,4896,0,"Radiator, Water Pump"
M0848,T105,2024-10-15,Scheduled,3628,2,"Brake Pads, Brake Discs"
M0849,T105,2023-11-16,Emergency,5213,10,"Oil Filter, Air Filter"
M0850,T105,2024-11-18,Scheduled,1416,3,"Oil Filter, Air Filter"
M0851,T106,2024-12-09,Scheduled,964,0,"Spark Plugs, Fuel Injectors"
M0852,T106,2024-04-03,Emergency,13762,5,"Battery, Alternator"
M0853,T106,2023-10-29,Scheduled,3694,0,"Spark Plugs, Fuel Injectors"
M0854,T106,2023-12-31,Scheduled,1375,3,"Battery, Alternator"
M0855,T106,2024-07-09,Scheduled,3355,2,"Oil Filter, Air Filter"
M0856,T106,2023-05-25,Scheduled,3144,3,"Exhaust System, Catalytic Converter"
M0857,T106,2024-06-18,Scheduled,4554,1,"Radiator, Water Pump"
M0858,T106,2023-01-17,Scheduled,4907,1,"Exhaust System, Catalytic Converter"
M0859,T106,2023-04-04,Scheduled,2867,3,"Oil Filter, Air Filter"
M0860,T107,2024-08-25,Scheduled,1163,1,"Battery, Alternator"
M0861,T107,2023-01-21,Emergency,13878,8,"Spark Plugs, Fuel Injectors"
M0862,T107,2023-05-27,Scheduled,809,0,"Spark Plugs, Fuel Injectors"
M0863,T107,2024-11-01,Scheduled,2013,1,"Exhaust System, Catalytic Converter"
M0864,T107,2023-02-20,Scheduled,5378,0,"Brake Pads, Brake Discs"
M0865,T107,2024-12-29,Scheduled,5578,0,"Exhaust System, Catalytic Converter"
M0866,T107,2023-09-25,Emergency,12701,5,"Exhaust System, Catalytic Converter"
M0867,T107,2023-04-21,Scheduled,765,1,"Radiator, Water Pump"
M0868,T107,2024-09-19,Emergency,17769,4,"Transmission Fluid, Clutch"
M0869,T107,2023-05-29,Emergency,2764,6,"Transmission Fluid, Clutch"
M0870,T107,2023-04-14,Scheduled,3562,0,"Exhaust System, Catalytic Converter"
M0871,T107,2023-10-02,Scheduled,3827,3,"Exhaust System, Catalytic Converter"
M0872,T107,2024-03-22,Scheduled,2449,2,"Oil Filter, Air Filter"
M0873,T107,2023-02-09,Scheduled,6073,2,"Spark Plugs, Fuel Injectors"
M0874,T107,2023-02-04,Scheduled,6301,1,"Transmission Fluid, Clutch"
M0875,T107,2024-11-06,Scheduled,3480,2,"Spark Plugs, Fuel Injectors"
M0876,T107,2023-04-14,Scheduled,1957,1,"Battery, Alternator"
M0877,T108,2024-11-12,Scheduled,4124,3,"Tires, Wheel Bearings"
M0878,T108,2023-11-11,Scheduled,4637,1,"Radiator, Water Pump"
M0879,T108,2023-09-28,Scheduled,1846,0,"Radiator, Water Pump"
M0880,T108,2024-03-04,Scheduled,513,0,"Tires, Wheel Bearings"
M0881,T108,2024-12-13,Scheduled,4521,0,"Oil Filter, Air Filter"
M0882,T108,2023-07-15,Scheduled,2540,2,"Brake Pads, Brake Discs"
M0883,T108,2024-01-16,Scheduled,4622,3,"Spark Plugs, Fuel Injectors"
M0884,T109,2024-07-03,Scheduled,1330,1,"Battery, Alternator"
M0885,T109,2024-08-22,Scheduled,6005,3,"Tires, Wheel Bearings"
M0886,T109,2023-09-05,Emergency,14885,6,"Exhaust System, Catalytic Converter"
M0887,T109,2023-11-05,Scheduled,3207,2,"Radiator, Water Pump"
M0888,T109,2024-10-24,Scheduled,2684,2,"Brake Pads, Brake Discs"
M0889,T109,2023-06-12,Scheduled,5433,0,"Tires, Wheel Bearings"
M0890,T109,2023-07-19,Scheduled,3354,1,"Exhaust System, Catalytic Converter"
M0891,T109,2023-02-09,Scheduled,2730,1,"Battery, Alternator"
M0892,T109,2023-04-06,Scheduled,7273,3,"Radiator, Water Pump"
M0893,T109,2023-09-30,Scheduled,2791,3,"Spark Plugs, Fuel Injectors"
M0894,T109,2023-11-09,Emergency,5242,3,"Radiator, Water Pump"
M0895,T109,2023-12-23,Scheduled,1007,2,"Battery, Alternator"
M0896,T109,2023-04-03,Emergency,12859,10,"Tires, Wheel Bearings"
M0897,T109,2024-12-24,Scheduled,5326,2,"Spark Plugs, Fuel Injectors"
M0898,T109,2023-12-04,Scheduled,4642,2,"Brake Pads, Brake Discs"
M0899,T109,2024-01-26,Emergency,18825,2,"Tires, Wheel Bearings"
M0900,T109,2024-05-03,Scheduled,1588,1,"Battery, Alternator"
M0901,T110,2023-03-23,Emergency,3190,5,"Oil Filter, Air Filter"
M0902,T110,2024-10-20,Scheduled,1297,3,"Oil Filter, Air Filter"
M0903,T110,2024-01-24,Emergency,6835,7,"Oil Filter, Air Filter"
M0904,T110,2024-08-05,Scheduled,4085,2,"Spark Plugs, Fuel Injectors"
M0905,T110,2024-08-28,Scheduled,2006,2,"Brake Pads, Brake Discs"
M0906,T110,2023-12-26,Scheduled,4132,3,"Battery, Alternator"
M0907,T110,2023-08-25,Scheduled,2867,0,"Transmission Fluid, Clutch"
M0908,T111,2024-11-29,Scheduled,2368,1,"Oil Filter, Air Filter"
M0909,T111,2024-12-21,Scheduled,2543,3,"Transmission Fluid, Clutch"
M0910,T111,2024-10-14,Scheduled,6063,0,"Oil Filter, Air Filter"
M0911,T111,2024-02-09,Scheduled,3826,2,"Transmission Fluid, Clutch"
M0912,T111,2024-01-17,Emergency,11064,3,"Transmission Fluid, Clutch"
M0913,T111,2024-05-02,Scheduled,1030,1,"Radiator, Water Pump"
M0914,T111,2024-05-04,Emergency,14651,10,"Exhaust System, Catalytic Converter"
M0915,T111,2023-09-23,Emergency,13043,9,"Oil Filter, Air Filter"
M0916,T111,2023-08-03,Scheduled,4862,2,"Transmission Fluid, Clutch"
M0917,T111,2023-11-10,Emergency,14231,5,"Battery, Alternator"
M0918,T111,2023-06-11,Scheduled,3423,1,"Oil Filter, Air Filter"
M0919,T111,2023-08-25,Scheduled,2020,3,"Exhaust System, Catalytic Converter"
M0920,T111,2023-12-28,Scheduled,1397,0,"Battery, Alternator"
M0921,T111,2024-10-25,Scheduled,3204,3,"Brake Pads, Brake Discs"
M0922,T111,2024-03-31,Scheduled,4963,0,"Spark Plugs, Fuel Injectors"
M0923,T111,2023-12-09,Scheduled,5580,3,"Brake Pads, Brake Discs"
M0924,T111,2023-04-12,Emergency,9684,4,"Radiator, Water Pump"
M0925,T112,2024-08-05,Scheduled,3720,3,"Spark Plugs, Fuel Injectors"
M0926,T112,2023-04-03,Scheduled,4771,1,"Spark Plugs, Fuel Injectors"
M0927,T112,2023-03-19,Scheduled,4717,0,"Brake Pads, Brake Discs"
M0928,T112,2023-05-27,Emergency,11938,10,"Spark Plugs, Fuel Injectors"
M0929,T112,2024-01-13,Scheduled,3051,1,"Radiator, Water Pump"
M0930,T112,2023-08-31,Scheduled,1750,1,"Exhaust System, Catalytic Converter"
M0931,T112,2023-02-06,Scheduled,1423,3,"Oil Filter, Air Filter"
M0932,T112,2023-11-10,Scheduled,2901,2,"Spark Plugs, Fuel Injectors"
M0933,T112,2023-08-09,Scheduled,3842,3,"Tires, Wheel Bearings"
M0934,T112,2023-03-16,Scheduled,582,3,"Oil Filter, Air Filter"
M0935,T113,2024-02-27,Scheduled,5086,1,"Exhaust System, Catalytic Converter"
M0936,T113,2023-08-18,Scheduled,2511,0,"Exhaust System, Catalytic Converter"
M0937,T113,2024-06-15,Emergency,6000,1,"Tires, Wheel Bearings"
M0938,T113,2024-05-20,Scheduled,3458,3,"Transmission Fluid, Clutch"
M0939,T113,2024-09-19,Scheduled,863,1,"Radiator, Water Pump"
M0940,T113,2023-08-29,Emergency,19098,6,"Oil Filter, Air Filter"
M0941,T113,2024-09-30,Scheduled,5325,3,"Spark Plugs, Fuel Injectors"
M0942,T113,2023-07-09,Scheduled,6501,3,"Battery, Alternator"
M0943,T113,2024-07-13,Emergency,4636,6,"Tires, Wheel Bearings"
M0944,T113,2023-03-25,Scheduled,3917,0,"Spark Plugs, Fuel Injectors"
M0945,T113,2024-02-12,Scheduled,2094,3,"Exhaust System, Catalytic Converter"
M0946,T113,2023-05-30,Emergency,6440,2,"Radiator, Water Pump"
M0947,T113,2023-09-27,Scheduled,897,1,"Transmission Fluid, Clutch"
M0948,T113,2024-04-30,Emergency,4703,2,"Oil Filter, Air Filter"
M0949,T115,2024-05-05,Scheduled,5910,2,"Exhaust System, Catalytic Converter"
M0950,T115,2024-02-02,Emergency,9235,4,"Battery, Alternator"
M0951,T115,2023-12-27,Scheduled,1579,3,"Transmission Fluid, Clutch"
M0952,T115,2024-11-07,Emergency,15738,7,"Exhaust System, Catalytic Converter"
M0953,T115,2024-11-22,Emergency,5109,6,"Spark Plugs, Fuel Injectors"
M0954,T115,2023-05-11,Emergency,9869,9,"Exhaust System, Catalytic Converter"
M0955,T115,2023-01-23,Scheduled,5188,3,"Spark Plugs, Fuel Injectors"
M0956,T115,2023-01-03,Scheduled,5208,3,"Tires, Wheel Bearings"
M0957,T115,2024-10-05,Emergency,14135,2,"Transmission Fluid, Clutch"
M0958,T115,2024-08-30,Emergency,13833,2,"Oil Filter, Air Filter"
M0959,T115,2023-08-31,Emergency,13616,7,"Transmission Fluid, Clutch"
M0960,T115,2023-01-02,Scheduled,4019,1,"Battery, Alternator"
M0961,T115,2024-08-06,Scheduled,2909,3,"Spark Plugs, Fuel Injectors"
M0962,T116,2024-10-17,Scheduled,805,2,"Exhaust System, Catalytic Converter"
M0963,T116,2023-07-14,Emergency,8568,9,"Spark Plugs, Fuel Injectors"
M0964,T116,2023-01-07,Scheduled,4644,1,"Radiator, Water Pump"
M0965,T116,2024-10-31,Emergency,4856,9,"Oil Filter, Air Filter"
M0966,T116,2023-11-20,Scheduled,1902,0,"Exhaust System, Catalytic Converter"
M0967,T116,2023-07-20,Scheduled,1673,0,"Tires, Wheel Bearings"
M0968,T116,2023-09-11,Scheduled,1019,0,"Exhaust System, Catalytic Converter"
M0969,T116,2024-06-07,Scheduled,4645,0,"Oil Filter, Air Filter"
M0970,T116,2023-08-20,Scheduled,2284,2,"Transmission Fluid, Clutch"
M0971,T116,2023-11-14,Emergency,3424,6,"Oil Filter, Air Filter"
M0972,T116,2024-02-24,Scheduled,921,2,"Transmission Fluid, Clutch"
M0973,T116,2023-11-04,Scheduled,1775,3,"Oil Filter, Air Filter"
M0974,T116,2023-02-18,Scheduled,1100,3,"Tires, Wheel Bearings"
M0975,T116,2023-05-14,Scheduled,5877,3,"Radiator, Water Pump"
M0976,T116,2024-10-23,Scheduled,2323,0,"Battery, Alternator"
M0977,T116,2023-05-20,Scheduled,4281,1,"Exhaust System, Catalytic Converter"
M0978,T116,2024-07-10,Emergency,9773,10,"Tires, Wheel Bearings"
M0979,T116,2024-09-14,Scheduled,6895,2,"Oil Filter, Air Filter"
M0980,T116,2023-05-01,Scheduled,5964,1,"Battery, Alternator"
M0981,T117,2023-02-16,Emergency,4172,10,"Radiator, Water Pump"
M0982,T117,2023-04-16,Scheduled,1701,1,"Brake Pads, Brake Discs"
M0983,T117,2023-08-10,Emergency,13608,8,"Radiator, Water Pump"
M0984,T117,2023-06-12,Scheduled,3763,1,"Transmission Fluid, Clutch"
M0985,T117,2023-08-25,Scheduled,7390,0,"Exhaust System, Catalytic Converter"
M0986,T117,2023-01-19,Scheduled,2659,2,"Transmission Fluid, Clutch"
M0987,T117,2024-07-11,Scheduled,5193,3,"Oil Filter, Air Filter"
M0988,T117,2024-03-07,Scheduled,7756,3,"Oil Filter, Air Filter"
M0989,T117,2024-01-05,Emergency,7487,8,"Spark Plugs, Fuel Injectors"
M0990,T117,2024-06-01,Scheduled,1847,1,"Brake Pads, Brake Discs"
M0991,T117,2023-12-20,Scheduled,6276,0,"Radiator, Water Pump"
M0992,T117,2023-05-31,Emergency,26190,6,"Battery, Alternator"
M0993,T117,2024-03-18,Emergency,17372,2,"Oil Filter, Air Filter"
M0994,T117,2023-11-23,Scheduled,4986,2,"Radiator, Water Pump"
M0995,T117,2023-04-26,Scheduled,6282,1,"Exhaust System, Catalytic Converter"
M0996,T117,2024-03-24,Emergency,15384,7,"Brake Pads, Brake Discs"
M0997,T117,2024-10-28,Scheduled,5883,0,"Brake Pads, Brake Discs"
M0998,T117,2023-06-14,Emergency,9662,5,"Brake Pads, Brake Discs"
M0999,T117,2023-11-27,Scheduled,8843,1,"Brake Pads, Brake Discs"
M1000,T117,2023-05-06,Emergency,8375,9,"Transmission Fluid, Clutch"
M1001,T117,2024-11-22,Scheduled,5195,0,"Battery, Alternator"
M1002,T117,2023-05-26,Emergency,20207,10,"Oil Filter, Air Filter"
M1003,T117,2024-09-21,Scheduled,826,2,"Brake Pads, Brake Discs"
M1004,T117,2024-05-23,Scheduled,3577,0,"Radiator, Water Pump"
M1005,T117,2023-05-06,Emergency,23125,7,"Radiator, Water Pump"
M1006,T117,2023-05-19,Scheduled,5821,3,"Transmission Fluid, Clutch"
M1007,T117,2023-10-20,Scheduled,4031,3,"Battery, Alternator"
M1008,T118,2023-10-17,Scheduled,6102,2,"Spark Plugs, Fuel Injectors"
M1009,T118,2023-02-23,Scheduled,754,0,"Battery, Alternator"
M1010,T118,2024-11-06,Scheduled,2719,2,"Oil Filter, Air Filter"
M1011,T118,2023-06-17,Scheduled,5097,1,"Radiator, Water Pump"
M1012,T118,2024-04-16,Emergency,14595,6,"Exhaust System, Catalytic Converter"
M1013,T118,2024-03-02,Emergency,7334,5,"Tires, Wheel Bearings"
M1014,T118,2023-09-27,Scheduled,2537,1,"Battery, Alternator"
M1015,T118,2024-01-25,Scheduled,3046,0,"Exhaust System, Catalytic Converter"
M1016,T118,2023-02-07,Scheduled,1087,1,"Spark Plugs, Fuel Injectors"
M1017,T118,2023-12-08,Emergency,11562,7,"Tires, Wheel Bearings"
M1018,T118,2023-07-15,Scheduled,3813,3,"Spark Plugs, Fuel Injectors"
M1019,T118,2024-07-25,Emergency,6274,2,"Spark Plugs, Fuel Injectors"
M1020,T118,2023-08-11,Scheduled,5502,3,"Battery, Alternator"
M1021,T118,2024-01-04,Scheduled,3253,0,"Transmission Fluid, Clutch"
M1022,T118,2024-10-06,Scheduled,3727,0,"Tires, Wheel Bearings"
M1023,T118,2023-05-21,Scheduled,4204,1,"Battery, Alternator"
M1024,T118,2024-02-26,Scheduled,6033,3,"Oil Filter, Air Filter"
M1025,T118,2023-06-08,Scheduled,1760,2,"Transmission Fluid, Clutch"
M1026,T119,2024-09-28,Scheduled,4009,1,"Battery, Alternator"
M1027,T119,2023-12-27,Scheduled,2602,0,"Oil Filter, Air Filter"
M1028,T119,2023-05-20,Scheduled,1977,3,"Brake Pads, Brake Discs"
M1029,T119,2024-05-08,Scheduled,3927,3,"Tires, Wheel Bearings"
M1030,T119,2023-01-30,Scheduled,1017,0,"Oil Filter, Air Filter"
M1031,T119,2023-08-09,Scheduled,4992,0,"Exhaust System, Catalytic Converter"
M1032,T119,2023-05-27,Scheduled,4574,1,"Radiator, Water Pump"
M1033,T119,2024-03-05,Scheduled,1533,2,"Brake Pads, Brake Discs"
M1034,T120,2024-09-21,Scheduled,4777,0,"Oil Filter, Air Filter"
M1035,T120,2024-07-07,Scheduled,3057,0,"Oil Filter, Air Filter"
M1036,T120,2023-10-14,Scheduled,2083,2,"Exhaust System, Catalytic Converter"
M1037,T120,2024-11-28,Scheduled,776,2,"Radiator, Water Pump"
M1038,T120,2024-06-12,Scheduled,2788,0,"Radiator, Water Pump"
M1039,T120,2024-06-01,Emergency,11770,6,"Oil Filter, Air Filter"
M1040,T120,2023-06-22,Scheduled,3727,3,"Spark Plugs, Fuel Injectors"
M1041,T120,2024-01-12,Scheduled,3850,2,"Battery, Alternator"
M1042,T120,2023-12-29,Scheduled,2989,1,"Oil Filter, Air Filter"
M1043,T120,2023-12-16,Scheduled,2774,1,"Oil Filter, Air Filter"